i,x,sin,cos,tg,ctg,a*x**2+b*x+c
1; 0.01; 0.009999833334166664; 0.9999500004166653; 0.010000333346667207; 99.99666664444422; 1.0101
2; 0.02; 0.01999866669333308; 0.9998000066665778; 0.020002667093402423; 49.99333315554878; 1.0204
3; 0.03; 0.02999550020249566; 0.9995500337489875; 0.030009003241180714; 33.3233327332819; 1.0309
4; 0.04; 0.03998933418663416; 0.9992001066609779; 0.040021346995514566; 24.986665244227687; 1.0416
5; 0.05; 0.04997916927067833; 0.9987502603949663; 0.05004170837553879; 19.983330554894014; 1.0525
6; 0.06; 0.059964006479444595; 0.9982005399352042; 0.06007210383129728; 16.64666186502036; 1.0636
7; 0.07; 0.06994284733753277; 0.9975510002532796; 0.07011455787200271; 14.262373326599949; 1.0749
8; 0.08; 0.0799146939691727; 0.9968017063026194; 0.08017110470807255; 12.47332194861609; 1.0864
9; 0.09; 0.08987854919801104; 0.9959527330119943; 0.09024378990978545; 11.081094898603839; 1.0981
10; 0.1; 0.09983341664682815; 0.9950041652780258; 0.10033467208545055; 9.966644423259238; 1.11
11; 0.11; 0.10977830083717481; 0.9939560979566968; 0.11044582458204051; 9.054212812338484; 1.1221
12; 0.12; 0.11971220728891936; 0.9928086358538663; 0.1205793372113053; 8.293294880594532; 1.1344
13; 0.13; 0.12963414261969486; 0.9915618937147881; 0.13073731800446006; 7.648925458038579; 1.1469
14; 0.14; 0.1395431146442365; 0.9902159962126371; 0.1409218949986254; 7.096129384363972; 1.1596
15; 0.15; 0.14943813247359922; 0.9887710779360422; 0.15113521805829508; 6.61659150558995; 1.1724999999999999
16; 0.16; 0.15931820661424598; 0.9872272833756269; 0.16137946073521095; 6.196575421954008; 1.1856
17; 0.17; 0.16918234906699603; 0.9855847669095608; 0.17165682217014272; 5.825576795362205; 1.1989
18; 0.18; 0.17902957342582418; 0.9838436927881214; 0.18196952904019847; 5.495425554347026; 1.2124
19; 0.19; 0.18885889497650057; 0.9820042351172703; 0.19231983755543292; 5.199671613240454; 1.2261
20; 0.2; 0.19866933079506122; 0.9800665778412416; 0.2027100355086725; 4.933154875586893; 1.24
21; 0.21; 0.20845989984609956; 0.9780309147241483; 0.2131424443826454; 4.691698093715878; 1.2541
22; 0.22; 0.21822962308086932; 0.9758974493306055; 0.22361942151868408; 4.471883493878223; 1.2684
23; 0.23; 0.2279775235351884; 0.9736663950053749; 0.23414336235146527; 4.2708876730783905; 1.2829000000000002
24; 0.24; 0.23770262642713458; 0.9713379748520296; 0.24471670271446497; 4.086357771691613; 1.2976
25; 0.25; 0.24740395925452294; 0.9689124217106447; 0.25534192122103627; 3.91631736464594; 1.3125
26; 0.26; 0.2570805518921551; 0.9663899781345132; 0.2660215417262654; 3.7590940700170594; 1.3276
27; 0.27; 0.26673143668883115; 0.9637708963658905; 0.27675813587503056; 3.613263244595445; 1.3429
28; 0.28; 0.27635564856411376; 0.9610554383107709; 0.28755432574197687; 3.4776037446826735; 1.3584
29; 0.29; 0.28595222510483553; 0.9582438755126972; 0.29841278656943165; 3.3510628398201368; 1.3740999999999999
30; 0.3; 0.29552020666133955; 0.955336489125606; 0.30933624960962325; 3.2327281437658275; 1.3900000000000001
31; 0.31; 0.3050586364434435; 0.9523335698857134; 0.3203275050779242; 3.1218049781792416; 1.4061
32; 0.32; 0.31456656061611776; 0.9492354180824408; 0.3313894052242346; 3.0175979806093984; 1.4224
33; 0.33; 0.32404302839486837; 0.946042343528387; 0.34252486753003897; 2.9194960564791734; 1.4389
34; 0.34; 0.3334870921408144; 0.9427546655283462; 0.35373687803912257; 2.8269599865960315; 1.4556
35; 0.35000000000000003; 0.3428978074554514; 0.9393727128473789; 0.3650284948304246; 2.739512159083783; 1.4725000000000001
36; 0.36; 0.35227423327508994; 0.9358968236779348; 0.3764028516420269; 2.656728012653414; 1.4896
37; 0.37; 0.361615431964962; 0.9323273456060345; 0.38786316165584905; 2.57822886744604; 1.5069
38; 0.38; 0.3709204694129827; 0.9286646355765102; 0.39941272145322637; 2.503675887842511; 1.5244
39; 0.39; 0.3801884151231614; 0.924909059857313; 0.4110549151522136; 2.4327649740660564; 1.5421
40; 0.4; 0.3894183423086505; 0.9210609940028851; 0.4227932187381618; 2.3652224200391103; 1.56
41; 0.41000000000000003; 0.39860932798442295; 0.9171208228166051; 0.4346312045998895; 2.300801206670319; 1.5781
42; 0.42; 0.40776045305957015; 0.9130889403123083; 0.4465725462845951; 2.2392778246666167; 1.5964
43; 0.43; 0.41687080242921076; 0.9089657496748851; 0.45862102348555517; 2.1804495406685085; 1.6149
44; 0.44; 0.4259394650659996; 0.9047516632199634; 0.4707805272776217; 2.1241320361797693; 1.6336
45; 0.45; 0.43496553411123023; 0.9004471023526769; 0.4830550656165784; 2.0701573613012125; 1.6525
46; 0.46; 0.4439481069655198; 0.8960524975255252; 0.49544876911954966; 2.018372155363463; 1.6716
47; 0.47000000000000003; 0.45288628537906833; 0.891568288195329; 0.5079658971448835; 1.9686360947077066; 1.6909
48; 0.48; 0.46177917554148284; 0.8869949227792842; 0.520610844191258; 1.920820534488574; 1.7104
49; 0.49; 0.470625888171158; 0.8823328586101215; 0.533388146637203; 1.8748073167815902; 1.7301
50; 0.5; 0.479425538604203; 0.8775825618903728; 0.5463024898437905; 1.830487721712452; 1.75
51; 0.51; 0.4881772468829075; 0.8727445076457513; 0.5593587156449452; 1.7877615419775694; 1.7701
52; 0.52; 0.49688013784373675; 0.8678191796776499; 0.5725618302516684; 1.7465362641453972; 1.7904
53; 0.53; 0.5055333412048469; 0.862807070514761; 0.585917012598471; 1.7067263426353183; 1.8109000000000002
54; 0.54; 0.5141359916531131; 0.8577086813638242; 0.5994296231624898; 1.6682525543602071; 1.8316000000000001
55; 0.55; 0.5226872289306592; 0.8525245220595057; 0.6131052132881357; 1.6310414237662643; 1.8525
56; 0.56; 0.5311861979208834; 0.8472551110134161; 0.6269495350526982; 1.5950247094703485; 1.8736000000000002
57; 0.5700000000000001; 0.5396320487339693; 0.8419009751622687; 0.640968551711156; 1.5601389449300733; 1.8949000000000003
58; 0.58; 0.5480239367918736; 0.8364626499151869; 0.6551684487615081; 1.5263250266253527; 1.9163999999999999
59; 0.59; 0.5563610229127838; 0.8309406791001636; 0.6695556456753018; 1.4935278441143125; 1.9381
60; 0.6; 0.5646424733950354; 0.8253356149096783; 0.6841368083416923; 1.4616959470781021; 1.96
61; 0.61; 0.5728674601004813; 0.8196480178454796; 0.698918862277391; 1.4307812451098425; 1.9821
62; 0.62; 0.5810351605373051; 0.8138784566625339; 0.7139090066592402; 1.400738736550659; 2.0044
63; 0.63; 0.5891447579422695; 0.8080275083121519; 0.7291147292409691; 1.3715262631452128; 2.0269
64; 0.64; 0.5971954413623921; 0.8020957578842925; 0.7445438222209639; 1.3431042876925818; 2.0496
65; 0.65; 0.6051864057360395; 0.7960837985490559; 0.7602043991336763; 1.3154356922159265; 2.0725
66; 0.66; 0.6131168519734338; 0.7899922314973651; 0.7761049128436636; 1.2884855944745672; 2.0956
67; 0.67; 0.6209859870365597; 0.7838216658808492; 0.7922541747282569; 1.2622211809019497; 2.1189
68; 0.68; 0.6287930240184686; 0.7775727187509279; 0.8086613751425653; 1.2366115542784544; 2.1424000000000003
69; 0.6900000000000001; 0.636537182221968; 0.7712460149971065; 0.825336105269025; 1.2116275946440533; 2.1661
70; 0.7000000000000001; 0.6442176872376911; 0.7648421872844884; 0.8422883804630795; 1.1872418321266793; 2.1900000000000004
71; 0.71; 0.6518337710215366; 0.7583618759905082; 0.8595286652169407; 1.1634283305113564; 2.2141
72; 0.72; 0.6593846719714731; 0.751805729140895; 0.8770678998748341; 1.1401625805056934; 2.2384
73; 0.73; 0.6668696350036979; 0.7451744023448704; 0.8949175292458145; 1.1174214017717845; 2.2629
74; 0.74; 0.674287911628145; 0.7384685587295879; 0.9130895332743009; 1.0951828528950955; 2.2876
75; 0.75; 0.6816387600233341; 0.7316888688738209; 0.9315964599440725; 1.0734261485493772; 2.3125
76; 0.76; 0.6889214451105513; 0.7248360107409052; 0.950451460608803; 1.052131583194642; 2.3376
77; 0.77; 0.6961352386273567; 0.7179106696109434; 0.9696683279614895; 1.0312804607141042; 2.3629
78; 0.78; 0.7032794192004103; 0.7109135380122773; 0.989261536876605; 1.0108550294569214; 2.3884
79; 0.79; 0.7103532724176078; 0.7038453156522361; 1.0092462883827549; 0.9908384222075551; 2.4141000000000004
80; 0.8; 0.7173560908995228; 0.6967067093471654; 1.0296385570503641; 0.9712146006504743; 2.4400000000000004
81; 0.81; 0.7242871743701426; 0.689498432951747; 1.0504551421088295; 0.9519683039415288; 2.4661
82; 0.8200000000000001; 0.7311458297268959; 0.6822212072876135; 1.0717137226410738; 0.9330850010352145; 2.4924
83; 0.8300000000000001; 0.7379313711099628; 0.674875760071267; 1.093432917241; 0.9145508464508694; 2.5189000000000004
84; 0.84; 0.7446431199708593; 0.6674628258413081; 1.1156323485615378; 0.8963526391910107; 2.5456
85; 0.85; 0.7512804051402927; 0.6599831458849822; 1.1383327132284393; 0.8784777845520119; 2.5725
86; 0.86; 0.757842562895277; 0.6524374681640519; 1.1615558576484477; 0.8609142585914765; 2.5995999999999997
87; 0.87; 0.7643289370255051; 0.6448265472400012; 1.1853248603008053; 0.8436505750383279; 2.6269
88; 0.88; 0.7707388788989693; 0.6371511441985802; 1.2096641211692685; 0.8266757544510737; 2.6544
89; 0.89; 0.7770717475268238; 0.6294120265736969; 1.2345994590490046; 0.8099792954471944; 2.6821
90; 0.9; 0.7833269096274834; 0.6216099682706644; 1.2601582175503392; 0.7935511478423171; 2.71
91; 0.91; 0.7895037396899505; 0.6137457494888116; 1.2863693807208076; 0.7773816875520291; 2.7381
92; 0.92; 0.795601620036366; 0.6058201566434628; 1.3132636993202478; 0.7614616931219566; 2.7664
93; 0.93; 0.8016199408837772; 0.5978339822872982; 1.3408738289128344; 0.7457823237632947; 2.7949
94; 0.9400000000000001; 0.8075581004051143; 0.5897880250310982; 1.369234481087563; 0.7303350987814115; 2.8236000000000003
95; 0.9500000000000001; 0.8134155047893737; 0.5816830894638835; 1.3983825892876993; 0.7151118782946051; 2.8525
96; 0.96; 0.8191915683009983; 0.5735199860724567; 1.4283574909236105; 0.700104845148658; 2.8815999999999997
97; 0.97; 0.8248857133384501; 0.5652995311603544; 1.4592011276663537; 0.6853064879406056; 2.9109
98; 0.98; 0.8304973704919705; 0.5570225467662173; 1.4909582660763114; 0.6707095850721936; 2.9404
99; 0.99; 0.8360259786005205; 0.5486898605815875; 1.5236767410179022; 0.6563071897599116; 2.9701
100; 1.0; 0.8414709848078965; 0.5403023058681398; 1.5574077246549023; 0.6420926159343306; 3.0
101; 1.01; 0.8468318446180152; 0.5318607213743555; 1.5922060242195704; 0.6280594249667886; 3.0301
102; 1.02; 0.852108021949363; 0.5233659512516495; 1.6281304122125526; 0.614201413166312; 3.0604
103; 1.03; 0.8572989891886034; 0.5148188449699553; 1.6652439932315126; 0.6005125999940921; 3.0909
104; 1.04; 0.8624042272433384; 0.5062202572327784; 1.7036146122591334; 0.5869872169468643; 3.1216
105; 1.05; 0.867423225594017; 0.49757104789172696; 1.7433153099831704; 0.5736196970642412; 3.1525
106; 1.06; 0.8723554823449863; 0.4888720818605275; 1.7844248315940128; 0.5604046650184238; 3.1836
107; 1.07; 0.8772005042746817; 0.4801242290285341; 1.827028196534837; 0.5473369277478102; 3.2149
108; 1.08; 0.8819578068849475; 0.47132836417373997; 1.8712173378978785; 0.5344114655988587; 3.2464000000000004
109; 1.09; 0.8866269144494873; 0.4624853668753008; 1.9170918216068598; 0.5216234239431601; 3.2781000000000002
110; 1.1; 0.8912073600614354; 0.4535961214255773; 1.9647596572486523; 0.5089681052390643; 3.3100000000000005
111; 1.11; 0.8956986856800476; 0.4446615167417068; 2.014338214476828; 0.4964409615093978; 3.3421000000000003
112; 1.12; 0.9001004421765051; 0.4356824462767121; 2.0659552613805108; 0.48403758720882506; 3.3744000000000005
113; 1.1300000000000001; 0.904412189378826; 0.42665980793015723; 2.1197501441871816; 0.4717537124562622; 3.4069000000000003
114; 1.1400000000000001; 0.9086334961158833; 0.41759450395835795; 2.1758751312648767; 0.4595851966094586; 3.4396000000000004
115; 1.1500000000000001; 0.9127639402605211; 0.40848744088415717; 2.234496948755327; 0.44752802216043575; 3.4725
116; 1.16; 0.9168031087717669; 0.3993395294062732; 2.295798540492207; 0.4355782889319223; 3.5056
117; 1.17; 0.9207505977361357; 0.3901516843082303; 2.3599810913765475; 0.42373220855626115; 3.5389
118; 1.18; 0.9246060124080203; 0.38092482436688185; 2.427266361400223; 0.41198609921950535; 3.5724
119; 1.19; 0.9283689672491666; 0.371659872260533; 2.4978993874226525; 0.4003363806545491; 3.6060999999999996
120; 1.2; 0.9320390859672263; 0.3623577544766736; 2.5721516221263188; 0.38877956936820496; 3.6399999999999997
121; 1.21; 0.935616001553386; 0.3530194012193304; 2.650324594970601; 0.3773122740881075; 3.6741
122; 1.22; 0.9390993563190676; 0.34364574631604705; 2.7327541993067146; 0.3659311914162257; 3.7084
123; 1.23; 0.9424888019316975; 0.3342377271245026; 2.819815734268152; 0.3546331016766021; 3.7428999999999997
124; 1.24; 0.945783999449539; 0.32479628443877623; 2.911929861155226; 0.34341486494570933; 3.7776
125; 1.25; 0.9489846193555862; 0.3153223623952687; 3.0095696738628313; 0.3322734172545286; 3.8125
126; 1.26; 0.9520903415905158; 0.30581690837828934; 3.1132691342651313; 0.3212057669521219; 3.8476
127; 1.27; 0.9551008555846923; 0.29628087292531874; 3.2236331902040716; 0.3102089912210809; 3.8829000000000002
128; 1.28; 0.9580158602892249; 0.2867152096319555; 3.341349981115374; 0.29928023273580895; 3.9184
129; 1.29; 0.9608350642060727; 0.2771208750565576; 3.467205651721386; 0.28841669645511897; 3.9541000000000004
130; 1.3; 0.963558185417193; 0.26749882862458735; 3.6021024479679786; 0.27761564654112514; 3.99
131; 1.31; 0.966184951612734; 0.2578500325326696; 3.74708097618843; 0.26687440339685703; 4.0261000000000005
132; 1.32; 0.9687151001182652; 0.2481754516523729; 3.9033477874966245; 0.25619034081545183; 4.0624
133; 1.33; 0.9711483779210446; 0.23847605343372313; 4.072309835465071; 0.2455608832341699; 4.0989
134; 1.34; 0.9734845416953194; 0.22875280780845939; 4.255617891739467; 0.23498350308684643; 4.1356
135; 1.35; 0.9757233578266591; 0.2190066870930415; 4.455221759562705; 0.22445571824872604; 4.1725
136; 1.36; 0.9778646024353163; 0.20923866589141926; 4.6734412029885615; 0.21397508956794456; 4.2096
137; 1.37; 0.9799080613986142; 0.19944972099757285; 4.9130580704624744; 0.20353921847821113; 4.2469
138; 1.3800000000000001; 0.9818535303723598; 0.18964083129783424; 5.1774373886304135; 0.1931457446875142; 4.284400000000001
139; 1.3900000000000001; 0.9837008148112766; 0.17981297767299936; 5.47068864295321; 0.1827923439379244; 4.322100000000001
140; 1.4000000000000001; 0.9854497299884603; 0.16996714290024081; 5.797883715482894; 0.17247672583179982; 4.36
141; 1.41; 0.9871001010138504; 0.16010431155483126; 6.165356144552023; 0.16219663171991183; 4.3980999999999995
142; 1.42; 0.9886517628517197; 0.15022546991168584; 6.581119456194251; 0.15194983264720785; 4.4364
143; 1.43; 0.9901045603371778; 0.14033160584673673; 7.055463766434208; 0.1417341273521123; 4.4749
144; 1.44; 0.9914583481916864; 0.13042370873814554; 7.6018260620257205; 0.13154734031542967; 4.5136
145; 1.45; 0.9927129910375885; 0.12050276936736662; 8.238092752965605; 0.12138731985507364; 4.5525
146; 1.46; 0.9938683634116449; 0.11056977982006959; 8.988607601724167; 0.11125193626298505; 4.5916
147; 1.47; 0.9949243497775809; 0.10062573338693173; 9.88737489198555; 0.1011390799807312; 4.6309
148; 1.48; 0.99588084453764; 0.09067162446430968; 10.983379314326065; 0.0910466598103973; 4.6704
149; 1.49; 0.9967377520431434; 0.08070844845480063; 12.3498564416258; 0.08097260115748801; 4.7101
150; 1.5; 0.9974949866040544; 0.0707372016677029; 14.101419947171719; 0.07091484430265245; 4.75
151; 1.51; 0.9981524724975481; 0.0607588812193859; 16.428091703885336; 0.060871342699133725; 4.7901
152; 1.52; 0.998710143975583; 0.05077448493357918; 19.669527820558873; 0.05084006129291958; 4.8304
153; 1.53; 0.999167945271476; 0.040785011241591035; 24.49841044183805; 0.040818974862638996; 4.8709
154; 1.54; 0.9995258306054791; 0.03079145908246612; 32.4611389128568; 0.030806066376307346; 4.9116
155; 1.55; 0.999783764189357; 0.020794827803092428; 48.07848247921907; 0.020799325362072928; 4.952500000000001
156; 1.56; 0.9999417202299663; 0.010796117058267392; 92.62049631670456; 0.010796746290158294; 4.993600000000001
157; 1.57; 0.9999996829318346; 0.0007963267107332633; 1255.7655915007897; 0.0007963269632231926; 5.0349
158; 1.58; 0.9999576464987401; -0.009203543268808336; -108.6492036048431; -0.009203933087599958; 5.0764000000000005
159; 1.59; 0.9998156151342908; -0.01920249290169265; -52.06696965091235; -0.019206034203730106; 5.1181
160; 1.6; 0.9995736030415051; -0.029199522301288815; -34.232532735557314; -0.029211978199944887; 5.16
161; 1.61; 0.9992316344213905; -0.03919363177298771; -25.49474466181167; -0.03922376996769418; 5.202100000000001
162; 1.62; 0.998789743470524; -0.049183821914170554; -20.30728204110463; -0.04924341908365026; 5.244400000000001
163; 1.6300000000000001; 0.9982479743776325; -0.05916909371414836; -16.871104688543404; -0.05927294142624022; 5.2869
164; 1.6400000000000001; 0.9976063813191737; -0.06914844865406217; -14.427024766817652; -0.0693143608029296; 5.329600000000001
165; 1.6500000000000001; 0.9968650284539189; -0.07912088880673408; -12.59926478946574; -0.07936971059105775; 5.3725000000000005
166; 1.6600000000000001; 0.9960239899165367; -0.08908541693645919; -11.180550354576642; -0.08944103539506536; 5.4156
167; 1.67; 0.9950833498101802; -0.09904103659872801; -10.047182299210306; -0.0995303927230024; 5.4589
168; 1.68; 0.994043202198076; -0.10898675223987112; -9.120770935629556; -0.10963985468526356; 5.5024
169; 1.69; 0.9929036510941185; -0.11892156929661223; -8.349230984478808; -0.1197715097185593; 5.546099999999999
170; 1.7; 0.9916648104524686; -0.12884449429552464; -7.696602139459161; -0.12992746433821378; 5.59
171; 1.71; 0.990326804156158; -0.13875453495237755; -7.1372572038532045; -0.140109844921958; 5.6341
172; 1.72; 0.9888897660047015; -0.14865070027136365; -6.652439337315407; -0.15032079952848545; 5.6784
173; 1.73; 0.9873538397007164; -0.15853200064419776; -6.228104330284016; -0.1605624997541423; 5.7229
174; 1.74; 0.9857191788355535; -0.16839744794907702; -5.8535280126907425; -0.17083714263123878; 5.7676
175; 1.75; 0.9839859468739369; -0.17824605564949209; -5.52037992250933; -0.18114695257159807; 5.8125
176; 1.76; 0.9821543171376185; -0.1880768388928801; -5.222090731209111; -0.19149418335909732; 5.8576
177; 1.77; 0.9802244727880455; -0.197888814609109; -4.953410200188873; -0.2018811201951072; 5.902900000000001
178; 1.78; 0.9781966068080447; -0.2076810016087838; -4.710091916114258; -0.21231008180090513; 5.9484
179; 1.79; 0.9760709219825242; -0.21745242068136464; -4.488664319873317; -0.2227834225813132; 5.9940999999999995
180; 1.8; 0.9738476308781951; -0.2272020946930871; -4.286261674628062; -0.23330353485401106; 6.04
181; 1.81; 0.9715269558223153; -0.23692904868467468; -4.100497432525912; -0.2438728511491833; 6.0861
182; 1.82; 0.9691091288804563; -0.24663230996883403; -3.9293680905106023; -0.25449384658438934; 6.1324000000000005
183; 1.83; 0.9665943918332975; -0.2563109082275227; -3.771179301410257; -0.2651690413197918; 6.1789000000000005
184; 1.84; 0.9639829961524481; -0.2659638756089804; -3.6244884533480564; -0.2759010030991457; 6.2256
185; 1.85; 0.9612752029752999; -0.27559024682451294; -3.4880595886523125; -0.28669234988223685; 6.272500000000001
186; 1.86; 0.9584712830789142; -0.28518905924502086; -3.3608276755646553; -0.2975457525747699; 6.3196
187; 1.87; 0.955571516852944; -0.294759352997261; -3.241870044618477; -0.3084639378620392; 6.366900000000001
188; 1.8800000000000001; 0.9525761942715953; -0.3043001710598334; -3.130383367692205; -0.31944969115307575; 6.4144000000000005
189; 1.8900000000000001; 0.9494856148646305; -0.31381055935888247; -3.0256649642524374; -0.33050585964235263; 6.4621
190; 1.9000000000000001; 0.9463000876874145; -0.3232895668635036; -2.9270975146777714; -0.3416353554965471; 6.510000000000001
191; 1.9100000000000001; 0.9430199312900105; -0.33273624568084537; -2.8341364775586797; -0.35284115917430986; 6.5581000000000005
192; 1.92; 0.9396454736853249; -0.3421496511508982; -2.746299668944901; -0.3641263228874762; 6.6064
193; 1.93; 0.9361770523163061; -0.35152884194095985; -2.663158582229618; -0.3754939742126779; 6.6549
194; 1.94; 0.9326150140222005; -0.36087288013976715; -2.584331118650412; -0.38694731986287406; 6.7036
195; 1.95; 0.9289597150038693; -0.3701808313512869; -2.509475468010723; -0.3984896496289347; 6.7524999999999995
196; 1.96; 0.9252115207881683; -0.3794517647881545; -2.4382849327495104; -0.4101243405020589; 6.8016
197; 1.97; 0.9213708061913954; -0.388684753364752; -2.3704835299437557; -0.4218548609885203; 6.8509
198; 1.98; 0.9174379552818098; -0.397878873789916; -2.305822238167454; -0.4336847756289953; 6.900399999999999
199; 1.99; 0.9134133613412252; -0.4070332066592655; -2.244075781526737; -0.4456177497355543; 6.9501
200; 2.0; 0.9092974268256817; -0.4161468365471424; -2.185039863261519; -0.45765755436028577; 7.0
201; 2.0100000000000002; 0.9050905633252009; -0.4252188520981526; -2.1285287772619266; -0.4698080715104867; 7.0501000000000005
202; 2.02; 0.9007931915226273; -0.43424834611830043; -2.0743733386084746; -0.4820732996263909; 7.1004000000000005
203; 2.0300000000000002; 0.8964057411515598; -0.4432344156657093; -2.0224190845045653; -0.4944573593385425; 7.150900000000001
204; 2.04; 0.8919286509533796; -0.45217616214091194; -1.9725247052617234; -0.5069644995231203; 7.2016
205; 2.05; 0.8873623686333755; -0.46107269137671275; -1.9245606717322779; -0.5195991036748714; 7.2524999999999995
206; 2.06; 0.8827073508159741; -0.4699231137276022; -1.878408031079842; -0.5323656966187102; 7.303599999999999
207; 2.07; 0.8779640629990781; -0.4787265441587198; -1.8339573472825705; -0.5452689515826145; 7.354899999999999
208; 2.08; 0.8731329795075164; -0.4874821023343594; -1.791107766472712; -0.5583136976561345; 7.4064000000000005
209; 2.09; 0.8682145834456126; -0.49618891270599885; -1.749766190281736; -0.5715049276606415; 7.458099999999999
210; 2.1; 0.8632093666488737; -0.5048461045998576; -1.7098465429045075; -0.5848478064594645; 7.51
211; 2.11; 0.8581178296348089; -0.5134528123039594; -1.671269119715739; -0.5983476797381901; 7.562099999999999
212; 2.12; 0.8529404815528762; -0.5220081751547073; -1.6339600070441245; -0.6120100832877946; 7.614400000000001
213; 2.13; 0.8476778401335698; -0.5305113376229448; -1.597850564196703; -0.6258407528258039; 7.666899999999999
214; 2.14; 0.8423304316366457; -0.5389614493995115; -1.5628769600778223; -0.6398456343935135; 7.7196
215; 2.15; 0.8368987907984977; -0.547357665480271; -1.5289797578045667; -0.6540308953703097; 7.772499999999999
216; 2.16; 0.8313834607786831; -0.5556991462506127; -1.496103541616277; -0.66840293614951; 7.8256000000000006
217; 2.17; 0.8257849931056082; -0.5639850575694101; -1.4641965811372195; -0.6829684025237343; 7.8789
218; 2.18; 0.8201039476213741; -0.5722145708524369; -1.4332105287001915; -0.6977341988318498; 7.932400000000001
219; 2.19; 0.814340892425796; -0.5803868631552218; -1.4031001459934909; -0.7127075019238428; 7.9861
220; 2.2; 0.8084964038195901; -0.5885011172553458; -1.3738230567687948; -0.7278957760047939; 8.040000000000001
221; 2.21; 0.8025710662467472; -0.5965565217341599; -1.3453395227558882; -0.74330678842433; 8.094100000000001
222; 2.22; 0.7965654722360865; -0.6045522710579296; -1.3176122402817965; -0.758948626483715; 8.1484
223; 2.23; 0.7904802223420048; -0.6124875656583851; -1.2906061553956427; -0.7748297153390256; 8.2029
224; 2.24; 0.7843159250844198; -0.6203616120126798; -1.2642882955633126; -0.7909588370858428; 8.2576
225; 2.25; 0.7780731968879212; -0.6281736227227391; -1.2386276162240966; -0.8073451511185076; 8.3125
226; 2.2600000000000002; 0.7717526620201257; -0.6359228165940027; -1.2135948606996467; -0.8239982158654597; 8.367600000000001
227; 2.27; 0.7653549525292535; -0.6436084187135406; -1.1891624321183722; -0.840928012011447; 8.4229
228; 2.2800000000000002; 0.7588807081809218; -0.6512296605275458; -1.1653042761691326; -0.8581449673277092; 8.4784
229; 2.29; 0.7523305763941708; -0.6587857799181878; -1.1419957736300865; -0.8756599832425636; 8.5341
230; 2.3000000000000003; 0.74570521217672; -0.6662760212798244; -1.1192136417341316; -0.8934844632974455; 8.590000000000002
231; 2.31; 0.7390052780594708; -0.6736996355945609; -1.0969358435340042; -0.91163034364735; 8.6461
232; 2.32; 0.7322314440302514; -0.6810558805071525; -1.07514150451941; -0.9301101257801425; 8.702399999999999
233; 2.33; 0.7253843874668195; -0.6883440203992384; -1.0538108358173837; -0.9489369116463435; 8.7589
234; 2.34; 0.7184647930691263; -0.695563326462902; -1.032925063376592; -0.9681244414101432; 8.8156
235; 2.35; 0.7114733527908443; -0.7027130767735539; -1.0124663625978223; -0.9876871340536829; 8.8725
236; 2.36; 0.7044107657701761; -0.7097925563621205; -0.9924177979274291; -1.0076401310903589; 8.929599999999999
237; 2.37; 0.6972777382599378; -0.7168010572865429; -0.9727632669788311; -1.027999343669462; 8.9869
238; 2.38; 0.6900749835569364; -0.7237378787025686; -0.9534874487901904; -1.0487815033840517; 9.0444
239; 2.39; 0.6828032219306397; -0.7306023269338372; -0.9345757558646179; -1.0700042171272195; 9.1021
240; 2.4; 0.675463180551151; -0.7373937155412454; -0.9160142896734107; -1.0916860263790569; 9.16
241; 2.41; 0.6680555934164909; -0.7441113653915925; -0.8977897993332264; -1.1138464713485088; 9.2181
242; 2.42; 0.6605812012792007; -0.7507546047254909; -0.87988964319538; -1.136506160441247; 9.276399999999999
243; 2.43; 0.6530407515722648; -0.7573227692245438; -0.8623017531097633; -1.1596868455777207; 9.334900000000001
244; 2.44; 0.6454349983343708; -0.7638152020777741; -0.8450146011477925; -1.1834115039452444; 9.3936
245; 2.45; 0.6377647021345036; -0.7702312540473074; -0.8280171685883474; -1.2077044268355681; 9.4525
246; 2.46; 0.6300306299958922; -0.776570283533293; -0.8112989169883444; -1.232591316295775; 9.5116
247; 2.47; 0.6222335553193046; -0.7828316566380653; -0.7948497611753944; -1.2580993904071092; 9.570900000000002
248; 2.48; 0.6143742578057118; -0.7890147472295311; -0.7786600440143421; -1.2842574981047583; 9.6304
249; 2.49; 0.6064535233783147; -0.7951189370037843; -0.762720512812322; -1.3110962445637855; 9.690100000000001
250; 2.5; 0.5984721441039564; -0.8011436155469337; -0.7470222972386602; -1.3386481283041516; 9.75
251; 2.5100000000000002; 0.5904309181139127; -0.8070881803961462; -0.7315568886464292; -1.3669476913138778; 9.810100000000002
252; 2.52; 0.5823306495240819; -0.81295203709989; -0.7163161206920367; -1.3960316836565048; 9.8704
253; 2.5300000000000002; 0.5741721483545723; -0.8187345992773818; -0.7012921511578217; -1.4259392442208523; 9.930900000000001
254; 2.54; 0.5659562304487028; -0.8244352886772223; -0.6864774448905018; -1.456712099491495; 9.9916
255; 2.5500000000000003; 0.5576837173914166; -0.8300535352352224; -0.6718647577753873; -1.4883947824724455; 10.052500000000002
256; 2.56; 0.5493554364271266; -0.8355887771314077; -0.6574471216727855; -1.5210348741897826; 10.1136
257; 2.57; 0.5409722203769886; -0.8410404608462014; -0.6432178302488524; -1.5546832705385567; 10.1749
258; 2.58; 0.5325349075556212; -0.8464080412157756; -0.6291704256385503; -1.5893944776331337; 10.2364
259; 2.59; 0.5240443416872761; -0.8516909814865655; -0.6152986858832229; -1.6252269392783805; 10.298099999999998
260; 2.6; 0.5155013718214642; -0.8568887533689473; -0.6015966130897586; -1.6622434007134268; 10.360000000000001
261; 2.61; 0.5069068522480534; -0.8620008370900635; -0.5880584222624031; -1.7005113134044707; 10.422099999999999
262; 2.62; 0.49826164241183857; -0.8670267214458024; -0.5746785307619665; -1.7401032863957864; 10.4844
263; 2.63; 0.4895666068265995; -0.8719659038519165; -0.5614515483506122; -1.7810975905894653; 10.546899999999999
264; 2.64; 0.48082261498864826; -0.8768178903942815; -0.5483722677834906; -1.8235787233405865; 10.6096
265; 2.65; 0.47203054128988264; -0.8815821958782859; -0.5354356559113778; -1.8676380419564629; 10.6725
266; 2.66; 0.4631912649303452; -0.886258343877352; -0.5226368452610535; -1.9133744761154505; 10.735600000000002
267; 2.67; 0.45430566983030646; -0.8908458667805764; -0.5099711260626033; -1.9608953309196597; 10.7989
268; 2.68; 0.44537464454187115; -0.8953443058394921; -0.497433938694991; -2.0103171943263103; 10.862400000000001
269; 2.69; 0.4363990821601263; -0.8997532112139414; -0.4850208665233208; -2.0617669651371955; 10.9261
270; 2.7; 0.4273798802338298; -0.9040721420170612; -0.4727276291030373; -2.1153830206569895; 10.990000000000002
271; 2.71; 0.418317940675659; -0.9083006663593701; -0.46055007572806406; -2.1713165466733284; 11.0541
272; 2.72; 0.4092141696720173; -0.912438361391958; -0.44848417930143375; -2.2297330567103084; 11.118400000000001
273; 2.73; 0.4000694775924195; -0.9164848133487693; -0.43652603050845384; -2.290814132745364; 11.1829
274; 2.74; 0.3908847788984522; -0.9204396175879807; -0.4246718322737659; -2.354759425992132; 11.247600000000002
275; 2.75; 0.3816609920523317; -0.9243023786324636; -0.4129178944849325; -2.421788964237999; 11.3125
276; 2.7600000000000002; 0.3723990394250553; -0.9280727102093328; -0.40126062896629977; -2.4921458219714494; 11.377600000000001
277; 2.77; 0.3630998472041683; -0.9317502352885721; -0.3896965446879793; -2.566099221640972; 11.4429
278; 2.7800000000000002; 0.3537643453011427; -0.9353345861207388; -0.3782222431957376; -2.6439481495076427; 11.508400000000002
279; 2.79; 0.34439346725839; -0.9388254042737362; -0.36683441424852425; -2.726025588543927; 11.574100000000001
280; 2.8000000000000003; 0.33498815015590466; -0.9422223406686583; -0.3555298316511756; -2.812703494825547; 11.640000000000002
281; 2.81; 0.32554933451756; -0.9455250556146959; -0.3443053492706409; -2.9043986743695664; 11.706100000000001
282; 2.82; 0.3160779642170538; -0.948733218843107; -0.3331578972247666; -3.001579756416055; 11.7724
283; 2.83; 0.30657498638352293; -0.9518465095402424; -0.3220844782333695; -3.104775509471897; 11.8389
284; 2.84; 0.2970413513068324; -0.9548646163796264; -0.31108216412193185; -3.2145848117735216; 11.9056
285; 2.85; 0.2874780123425444; -0.9577872375530904; -0.30014809246882396; -3.3316886733300457; 11.9725
286; 2.86; 0.2778859258165868; -0.9606140808009522; -0.2892794633875112; -3.4568648195410474; 12.039599999999998
287; 2.87; 0.2682660509296179; -0.9633448634412433; -0.2784735364356672; -3.5910054966067464; 12.1069
288; 2.88; 0.25861934966111083; -0.9659793123979747; -0.26772762764360525; -3.735139360855145; 12.174399999999999
289; 2.89; 0.24894678667315256; -0.9685171642284466; -0.2570391066548335; -3.890458588244535; 12.2421
290; 2.9; 0.23924932921398243; -0.9709581651495905; -0.24640539397196634; -4.058352716555265; 12.31
291; 2.91; 0.2295279470212642; -0.9733020710633487; -0.23582395830155906; -4.240451255259033; 12.378100000000002
292; 2.92; 0.21978361222511694; -0.9755486475810826; -0.22529231399180394; -4.4386778327305905; 12.446399999999999
293; 2.93; 0.21001729925089915; -0.9776976700470132; -0.21480801855731163; -4.655319697635943; 12.5149
294; 2.94; 0.20022998472177053; -0.9797489235606842; -0.204368670285524; -4.893117906002409; 12.583599999999999
295; 2.95; 0.19042264736102704; -0.9817022029984541; -0.19397190591954586; -5.155385751660202; 12.6525
296; 2.96; 0.18059626789423291; -0.9835573130340064; -0.1836153984124653; -5.446166327257834; 12.721599999999999
297; 2.97; 0.17075182895114532; -0.9853140681578838; -0.17329685474843395; -5.7704451788905695; 12.790900000000002
298; 2.98; 0.16089031496745576; -0.9869722926960376; -0.16301401382602532; -6.134441920234156; 12.8604
299; 2.99; 0.15101271208634384; -0.988531820827396; -0.1527646443995571; -6.546017266825774; 12.930100000000001
300; 3.0; 0.1411200080598672; -0.9899924966004454; -0.1425465430742778; -7.015252551434534; 13.0
301; 3.0100000000000002; 0.1312131921501838; -0.9913541739488259; -0.13235753235145714; -7.555293470904536; 13.070100000000002
302; 3.02; 0.12129325503062975; -0.9926167167059371; -0.12219545871960456; -8.183610180593101; 13.1404
303; 3.0300000000000002; 0.11136118868664958; -0.9937799986185556; -0.11205819078815406; -8.923934903522577; 13.210900000000002
304; 3.04; 0.10141798631660186; -0.9948439033594595; -0.1019436174601125; -9.809343879632976; 13.281600000000001
305; 3.0500000000000003; 0.09146464223243675; -0.9958083245390612; -0.09184964614025878; -10.887358220988162; 13.352500000000003
306; 3.06; 0.08150215176026912; -0.9966731657160466; -0.0817742009756177; -12.228795733487706; 13.4236
307; 3.0700000000000003; 0.07153151114084326; -0.9974383404070185; -0.07171522112500091; -13.944041227412269; 13.494900000000001
308; 3.08; 0.06155371742991315; -0.9981037720951457; -0.06167065905452309; -16.215166423240248; 13.5664
309; 3.09; 0.05156976839853464; -0.9986693942378135; -0.05163847885605104; -19.365403903310742; 13.6381
310; 3.1; 0.04158066243329049; -0.9991351502732795; -0.041616654585635904; -24.028841576928496; 13.71
311; 3.11; 0.031587398436453896; -0.9995009936263278; -0.03160316861902303; -31.64239674999126; 13.782099999999998
312; 3.12; 0.02159097572609596; -0.9997668877129283; -0.021596010021383664; -46.3048497852072; 13.854400000000002
313; 3.13; 0.011592393936158275; -0.9999328059438939; -0.01159317292847048; -86.25766269251474; 13.9269
314; 3.14; 0.0015926529164868282; -0.9999987317275395; -0.001592654936407223; -627.8823975869133; 13.999600000000001
315; 3.15; -0.008407247367148618; -0.999964658471342; 0.0084075445026236; 118.94079177195516; 14.0725
316; 3.16; -0.01840630693305381; -0.9998305895825983; 0.018409425681542645; 54.319999835877745; 14.145600000000002
317; 3.17; -0.02840352588360379; -0.9995965384680858; 0.028414990239094978; 35.19269201170242; 14.2189
318; 3.18; -0.03839790450523538; -0.9992625285327209; 0.038426242762867734; 26.023881808354307; 14.2924
319; 3.19; -0.04838844336841415; -0.9988285931772186; 0.04844519239731932; 20.64188313669148; 14.3661
320; 3.2; -0.058374143427580086; -0.9982947757947531; 0.058473854459578645; 17.101660378678684; 14.440000000000001
321; 3.21; -0.06835400612104778; -0.9976611297666176; 0.06851425206576686; 14.595503414969771; 14.5141
322; 3.22; -0.0783270334708653; -0.9969277184568869; 0.07856841777065368; 12.727760445921986; 14.588400000000002
323; 3.23; -0.0882922281826076; -0.9960946152060809; 0.08863839522347072; 11.281792698061034; 14.6629
324; 3.24; -0.09824859374510868; -0.9951619033238304; 0.09872624084278087; 10.12901931101049; 14.737600000000002
325; 3.25; -0.10819513453010837; -0.9941296760805463; 0.10883402551332971; 9.18830297127549; 14.8125
326; 3.2600000000000002; -0.11813085589181781; -0.9929980366980926; 0.11896383630789983; 8.405915873558582; 14.8876
327; 3.27; -0.12805476426637968; -0.991767098339465; 0.12911777823723358; 7.744866846784317; 14.9629
328; 3.2800000000000002; -0.13796586727122728; -0.990436984097473; 0.1392979760312035; 7.178855203007362; 15.038400000000003
329; 3.29; -0.14786317380431852; -0.9890078269824328; 0.14950657595447414; 6.688669000783667; 15.1141
330; 3.3000000000000003; -0.15774569414324865; -0.9874797699088649; 0.15974574766003266; 6.259947539437342; 15.190000000000003
331; 3.31; -0.16761244004421832; -0.9858529656812031; 0.17001768608405185; 5.881741029610465; 15.266100000000002
332; 3.3200000000000003; -0.17746242484086058; -0.9841275769785145; 0.18032461338570432; 5.545554659590788; 15.342400000000001
333; 3.33; -0.18729466354290317; -0.9823037763382316; 0.19066878093565728; 5.2446970872355765; 15.4189
334; 3.34; -0.19710817293466984; -0.9803817461388988; 0.20105247135715631; 4.973825953243652; 15.4956
335; 3.35; -0.20690197167339974; -0.9783616785819341; 0.21147800062374633; 4.728624240112627; 15.5725
336; 3.36; -0.21667508038737962; -0.9762437756724099; 0.22194772021787262; 4.505565540472146; 15.649599999999998
337; 3.37; -0.22642652177388314; -0.9740282491988521; 0.2324640193547992; 4.301740986736299; 15.7269
338; 3.38; -0.236155320696897; -0.9717153207120621; 0.2430293272764754; 4.114729737380125; 15.804399999999998
339; 3.39; -0.24586050428463702; -0.9693052215029608; 0.25364611562023454; 3.9425007457919268; 15.882100000000001
340; 3.4; -0.2555411020268312; -0.9667981925794611; 0.26431690086742515; 3.7833373375604737; 15.959999999999999
341; 3.41; -0.26519614587177337; -0.9641944846423657; 0.27504424687737006; 3.6357786478110024; 16.0381
342; 3.42; -0.274824670323124; -0.9614943580602988; 0.2858307675123027; 3.4985736794656233; 16.1164
343; 3.43; -0.28442571253646254; -0.9586980828436685; 0.2966791293592717; 3.3706449191746906; 16.1949
344; 3.44; -0.2939983124155676; -0.9558059386176664; 0.30759205455530275; 3.2510592688934605; 16.2736
345; 3.45; -0.30354151270842933; -0.9528182145943047; 0.31857232372249794; 3.1390046326531498; 16.352500000000003
346; 3.46; -0.3130543591029702; -0.9497352095434962; 0.32962277902010634; 3.033770915264937; 16.4316
347; 3.47; -0.322535900322479; -0.9465572317631765; 0.3407463273210464; 2.9347344925535; 16.5109
348; 3.48; -0.3319851882207341; -0.9432845990484758; 0.35194594352077746; 2.8413454350297522; 16.590400000000002
349; 3.49; -0.34140127787682095; -0.9399176386599379; 0.3632246739869299; 2.7531169317973796; 16.6701
350; 3.5; -0.35078322768961984; -0.9364566872907963; 0.3745856401585947; 2.669616484968866; 16.75
351; 3.5100000000000002; -0.36013009947196856; -0.9329020910333035; 0.3860320423047614; 2.590458538181471; 16.8301
352; 3.52; -0.3694409585444771; -0.9292542053441233; 0.3975671634519695; 2.5152982739250067; 16.9104
353; 3.5300000000000002; -0.37871487382899804; -0.9255133950087844; 0.4091943734919185; 2.44382636903425; 16.990900000000003
354; 3.54; -0.3879509179417303; -0.9216800341052034; 0.4209171334804551; 2.375764539996883; 17.0716
355; 3.5500000000000003; -0.3971481672859602; -0.9177545059662758; 0.4327390001401464; 2.3108617427043576; 17.152500000000003
356; 3.56; -0.4063057021444168; -0.9137372031415447; 0.4446636305794337; 2.2488909171566758; 17.2336
357; 3.5700000000000003; -0.41542260677124626; -0.9096285273579443; 0.4566947872422816; 2.1896461880776603; 17.3149
358; 3.58; -0.4244979694835826; -0.9054288894796296; 0.4688363431031576; 2.132940448646002; 17.3964
359; 3.59; -0.43353088275271773; -0.9011387094668886; 0.48109228712324825; 2.0786032675344384; 17.478099999999998
360; 3.6; -0.44252044329485246; -0.896758416334147; 0.4934667299849038; 2.0264790698870256; 17.560000000000002
361; 3.61; -0.45146575216142315; -0.8922884481070684; 0.5059639101225374; 1.9764255512963642; 17.6421
362; 3.62; -0.4603659148289983; -0.8877292517787501; 0.5185882000695139; 1.928312290688364; 17.7244
363; 3.63; -0.46922004128872713; -0.8830812832650261; 0.5313441131419689; 1.8820195336064853; 17.8069
364; 3.64; -0.47802724613534286; -0.878345007358874; 0.5442363104820731; 1.8374371219631065; 17.8896
365; 3.65; -0.48678664865569937; -0.8735208976839379; 0.5572696084848919; 1.7944635500916803; 17.9725
366; 3.66; -0.4954973729168449; -0.8686094366471648; 0.5704489866348521; 1.7530051300452325; 18.055600000000002
367; 3.67; -0.5041585478536115; -0.8636111153905661; 0.583779595779759; 1.7129752516688976; 18.1389
368; 3.68; -0.5127693073557238; -0.8585264337421017; 0.5972667668725014; 1.6742937251244554; 18.2224
369; 3.69; -0.5213287903544065; -0.8533559001656995; 0.6109160202128773; 1.636886195342437; 18.3061
370; 3.7; -0.5298361409084934; -0.848100031710408; 0.6247330752245639; 1.6006836193850378; 18.39
371; 3.71; -0.5382905082900176; -0.8427593539586935; 0.6387238608049921; 1.56562179897223; 18.4741
372; 3.72; -0.5466910470692872; -0.83733440097388; 0.652894526288955; 1.5316409614949424; 18.558400000000002
373; 3.73; -0.5550369171994238; -0.8318257152467456; 0.667251453070049; 1.4986853837469556; 18.6429
374; 3.74; -0.56332728410037; -0.8262338476412722; 0.6818012669277029; 1.466703053378219; 18.727600000000002
375; 3.75; -0.5715613187423437; -0.8205593573395608; 0.6965508511114601; 1.435645363729493; 18.8125
376; 3.7600000000000002; -0.5797381977287431; -0.8148028117859123; 0.7115073602385508; 1.4054668382695645; 18.897600000000004
377; 3.77; -0.5878571033784827; -0.8089647866300855; 0.7266782350654919; 1.3761248813374396; 18.9829
378; 3.7800000000000002; -0.5959172238077642; -0.8030458656697306; 0.7420712181996932; 1.3475795523050422; 19.0684
379; 3.79; -0.6039177530112606; -0.7970466407920117; 0.7576943708227135; 1.3197933606319237; 19.1541
380; 3.8000000000000003; -0.6118578909427193; -0.7909677119144165; 0.7735560905031265; 1.2927310795906122; 19.240000000000002
381; 3.81; -0.6197368435949633; -0.7848096869247678; 0.7896651301838117; 1.2663595767071902; 19.3261
382; 3.8200000000000003; -0.6275538230792937; -0.7785731816204322; 0.8060306184361188; 1.240647659192185; 19.4124
383; 3.83; -0.6353080477042756; -0.7722588196467437; 0.8226620810816848; 1.2155659328373818; 19.4989
384; 3.84; -0.6429987420539088; -0.7658672324346374; 0.8395694642919524; 1.1910866730287124; 19.5856
385; 3.85; -0.6506251370651673; -0.7593990591375079; 0.8567631592856052; 1.1671837066778525; 19.672500000000003
386; 3.86; -0.6581864701049049; -0.7528549465672953; 0.8742540287554207; 1.14383230400847; 19.7596
387; 3.87; -0.6656819850461192; -0.7462355491298028; 0.8920534351685356; 1.1210090792499106; 19.8469
388; 3.88; -0.6731109323435617; -0.7395415287592585; 0.9101732710979077; 1.0986918993937689; 19.9344
389; 3.89; -0.680472569108694; -0.7327735548521205; 0.928625991758148; 1.0768598002590053; 20.022100000000002
390; 3.9; -0.6877661591839738; -0.7259323042001402; 0.9474246499358927; 1.0554929091908942; 20.11
391; 3.91; -0.694990973216472; -0.7190184609226811; 0.9665829335238821; 1.0345723737892711; 20.198100000000004
392; 3.92; -0.7021462887308054; -0.7120327163983102; 0.9861152058889745; 1.0140802961237256; 20.2864
393; 3.93; -0.7092313902013861; -0.7049757691956576; 1.0060365493279064; 0.9939996719483609; 20.3749
394; 3.94; -0.7162455691239705; -0.6978483250035638; 1.0263628118908399; 0.9743143344776177; 20.4636
395; 3.95; -0.7231881240865121; -0.6906510965605075; 1.0471106578821656; 0.955008902328003; 20.552500000000002
396; 3.96; -0.7300583608392995; -0.6833848035833362; 1.0682976223808753; 0.9360687312692291; 20.6416
397; 3.97; -0.7368555923643832; -0.6760501726952917; 1.089942170159755; 0.9174798694626414; 20.730900000000002
398; 3.98; -0.7435791389442746; -0.6686479373533513; 1.1120637594240053; 0.8992290158955915; 20.8204
399; 3.99; -0.7502283282299189; -0.66117883777488; 1.1346829108365366; 0.881303481747828; 20.9101
400; 4.0; -0.7568024953079282; -0.6536436208636119; 1.1578212823495777; 0.8636911544506165; 21.0
401; 4.01; -0.7633009827670734; -0.6460430401349587; 1.181501750421488; 0.8463804642212852; 21.0901
402; 4.0200000000000005; -0.7697231407640244; -0.6383778556406589; 1.2057484982644815; 0.8293603528757202; 21.180400000000002
403; 4.03; -0.7760683270883323; -0.6306488338927753; 1.2305871118446905; 0.8126202447390881; 21.270900000000005
404; 4.04; -0.7823359072266528; -0.6228567477870415; 1.256044684441852; 0.7961500194910418; 21.3616
405; 4.05; -0.788525254426195; -0.6150023765255744; 1.2821499306733244; 0.779939986796121; 21.4525
406; 4.0600000000000005; -0.7946357497573974; -0.6070865055389545; 1.308933310998145; 0.7639808625830115; 21.543600000000005
407; 4.07; -0.8006667821758177; -0.599109926407685; 1.3364271678432789; 0.7482637468480952; 21.634900000000002
408; 4.08; -0.8066177485832405; -0.5910734367830314; 1.3646658746387383; 0.7327801028693015; 21.726399999999998
409; 4.09; -0.8124880538879843; -0.5829778403072591; 1.3936859992135577; 0.7175217377259221; 21.818099999999998
410; 4.1; -0.8182771110644103; -0.5748239465332692; 1.4235264831943648; 0.7024807840287032; 21.909999999999997
411; 4.11; -0.8239843412116258; -0.5666125708436437; 1.4542288392662641; 0.6876496827724536; 22.002100000000002
412; 4.12; -0.8296091736113709; -0.55834453436911; 1.4858373684068935; 0.673021167230566; 22.0944
413; 4.13; -0.8351510457850935; -0.5500206639064251; 1.5183993994945206; 0.6585882478173416; 22.186899999999998
414; 4.14; -0.8406094035501945; -0.5416417918356986; 1.5519655540264972; 0.644344197849978; 22.2796
415; 4.15; -0.8459837010754465; -0.5332087560371543; 1.5865900390737353; 0.6302825401474275; 22.372500000000002
416; 4.16; -0.8512734009355745; -0.5247223998073464; 1.6223309720494543; 0.6163970344082887; 22.465600000000002
417; 4.17; -0.8564779741650012; -0.5161835717748248; 1.659250741398301; 0.6026816653143512; 22.5589
418; 4.18; -0.8615969003107405; -0.5075931258152773; 1.6974164079288416; 0.5891306313105473; 22.652399999999997
419; 4.19; -0.8666296674844443; -0.4989519209661403; 1.7369001522358207; 0.5757383340157765; 22.746100000000006
420; 4.2; -0.8715757724135882; -0.4902608213406994; 1.7777797745088417; 0.5624993682225213; 22.84
421; 4.21; -0.8764347204918014; -0.4815206960416738; 1.8201392540268908; 0.5494085124462823; 22.9341
422; 4.22; -0.8812060258283253; -0.47273241907430985; 1.864069376823946; 0.5364607199887743; 23.028399999999998
423; 4.23; -0.8858892112966027; -0.4638968692589801; 1.9096684414182508; 0.5236511104814254; 23.122900000000005
424; 4.24; -0.8904838085819885; -0.4550149301433047; 1.9570430541730466; 0.5109749618781649; 23.217600000000004
425; 4.25; -0.8949893582285835; -0.4460874899137928; 2.0063090278580593; 0.4984277028686865; 23.3125
426; 4.26; -0.8994054096851777; -0.43711544130702784; 2.057592399380464; 0.48600490568544946; 23.407599999999995
427; 4.2700000000000005; -0.9037315213503057; -0.42809968152039307; 2.111030585541922; 0.4737022792795256; 23.502900000000004
428; 4.28; -0.9079672606164054; -0.41904111212235556; 2.1667736991669893; 0.46151566284215445; 23.5984
429; 4.29; -0.9121122039130803; -0.4099406389623056; 2.2249860521804714; 0.4494410196504408; 23.6941
430; 4.3; -0.9161659367494549; -0.40079917207997545; 2.28584787736698; 0.4374744312171285; 23.79
431; 4.3100000000000005; -0.920128053755624; -0.3916176256144347; 2.349557306855059; 0.4256120917257068; 23.886100000000006
432; 4.32; -0.9239981587231879; -0.38239691771268025; 2.416332653124176; 0.41385030273338347; 23.982400000000002
433; 4.33; -0.9277758646448755; -0.3731379704378176; 2.486415047914527; 0.4021854681255838; 24.078899999999997
434; 4.34; -0.9314607937532425; -0.3638417096768584; 2.5600715063166017; 0.3906140893067426; 24.1756
435; 4.3500000000000005; -0.9350525775584494; -0.3545090650481311; 2.637598498169571; 0.37913276061310147; 24.272500000000004
436; 4.36; -0.9385508568851079; -0.3451409698083231; 2.7193261275424354; 0.3677381649341708; 24.369600000000002
437; 4.37; -0.941955281908201; -0.33573836075915076; 2.8056230446181667; 0.3564270695303245; 24.466900000000003
438; 4.38; -0.9452655121880633; -0.3263021781536835; 2.8969022442224004; 0.345196322034824; 24.5644
439; 4.39; -0.9484812167044256; -0.3168333656023185; 2.9936279435131716; 0.3340428466292475; 24.6621
440; 4.4; -0.9516020738895161; -0.30733286997841935; 3.0963237806497457; 0.32296364038200026; 24.760000000000005
441; 4.41; -0.9546277716602164; -0.29780164132363307; 3.205582640233953; 0.3119557697401983; 24.8581
442; 4.42; -0.9575580074492711; -0.2882406327528816; 3.322078494985188; 0.30101636716577906; 24.956400000000002
443; 4.43; -0.9603924882355434; -0.2786508003590546; 3.446580763443108; 0.2901426279072618; 25.054899999999996
444; 4.44; -0.9631309305733167; -0.26903310311739903; 3.579971830280794; 0.2793318068990407; 25.153600000000004
445; 4.45; -0.9657730606206388; -0.2593885027896261; 3.7232685729479584; 0.2685812157805833; 25.2525
446; 4.46; -0.9683186141667072; -0.2497179638277306; 3.8776490057988275; 0.2578882200283086; 25.3516
447; 4.47; -0.9707673366582883; -0.24002245327754992; 4.044485519593209; 0.2472502361933488; 25.450899999999997
448; 4.48; -0.9731189832251739; -0.23030294068205867; 4.225386703023471; 0.23666472923873477; 25.550400000000003
449; 4.49; -0.9753733187046665; -0.22056039798441854; 4.422250447578407; 0.22612920996991315; 25.650100000000002
450; 4.5; -0.977530117665097; -0.2107957994307797; 4.637332054551185; 0.21564123255279444; 25.75
451; 4.51; -0.9795891644283669; -0.20101012147286038; 4.873332532962164; 0.20519839211385987; 25.850099999999998
452; 4.5200000000000005; -0.9815502530915156; -0.19120434267030076; 5.133514434784734; 0.19479832241709347; 25.950400000000005
453; 4.53; -0.9834131875473108; -0.18137944359281138; 5.421855796156419; 0.1844386936127857; 26.050900000000002
454; 4.54; -0.9851777815038595; -0.1715364067221118; 5.74325765783262; 0.17411721005346262; 26.1516
455; 4.55; -0.9868438585032365; -0.1616762163536865; 6.103828260950856; 0.1638316081724455; 26.252499999999998
456; 4.5600000000000005; -0.9884112519391306; -0.1517998584983547; 6.51127913897129; 0.15357965442071173; 26.353600000000007
457; 4.57; -0.9898798050735039; -0.14190832078367338; 6.97548811519296; 0.14335914325793922; 26.454900000000002
458; 4.58; -0.991249371052267; -0.13200259235517026; 7.509317456320711; 0.1331678951937615; 26.556400000000004
459; 4.59; -0.9925198129199632; -0.12208366377743342; 8.129833117798563; 0.12300375487544878; 26.658099999999997
460; 4.6000000000000005; -0.9936910036334645; -0.11215252693505398; 8.860174895648116; 0.11286458921834304; 26.760000000000005
461; 4.61; -0.9947628260746756; -0.10221017493344206; 9.732522488318331; 0.10274828557553004; 26.8621
462; 4.62; -0.9957351730622453; -0.09225760199951166; 10.792987802430806; 0.092652749943327; 26.9644
463; 4.63; -0.9966079473622855; -0.08229580338226238; 12.110070093526655; 0.08257590519930535; 27.066899999999997
464; 4.64; -0.9973810616980933; -0.07232577525325448; 13.790119196174306; 0.07251568936963379; 27.1696
465; 4.65; -0.9980544387588794; -0.06234851460699166; 16.007669870726307; 0.06247005392263425; 27.2725
466; 4.66; -0.9986280112074989; -0.052365019161225934; 19.070517440905288; 0.05243696208552008; 27.375600000000002
467; 4.67; -0.9991017216871848; -0.04237628725718146; 23.576905537373808; 0.04241438718133781; 27.478899999999996
468; 4.68; -0.999475522827284; -0.03238331775972473; 30.863901291495708; 0.03240031098322433; 27.582399999999996
469; 4.69; -0.999749377247994; -0.022387109957477145; 44.65736663405651; 0.02239272208311052; 27.686100000000003
470; 4.7; -0.9999232575641008; -0.01238866346289056; 80.71276296747477; 0.012389614272069648; 27.790000000000003
471; 4.71; -0.999997146387718; -0.0023889781122815386; 418.58782265388515; 0.002388984929518275; 27.8941
472; 4.72; -0.9999710363300245; 0.007610946134147902; -131.3859037634587; -0.007611166581464897; 27.998399999999997
473; 4.73; -0.9998449300020044; 0.01761010929230725; -56.77675892896212; -0.017612840515450676; 28.102900000000005
474; 4.74; -0.9996188400141854; 0.02760751145421152; -36.20821969673379; -0.02761803834531545; 28.2076
475; 4.75; -0.999292788975378; 0.03760215288797655; -26.575414231000213; -0.037628764364978376; 28.3125
476; 4.76; -0.9988668094904142; 0.047593034137787815; -20.987668207884568; -0.04764702729693067; 28.4176
477; 4.7700000000000005; -0.9983409441568876; 0.05757915612384691; -17.33858242051269; -0.05767484190731382; 28.522900000000003
478; 4.78; -0.9977152455608933; 0.0675595202422752; -14.76794450261024; -0.06771423063130076; 28.628400000000003
479; 4.79; -0.9969897762717695; 0.07753312846497869; -12.858887497646954; -0.07776722521158926; 28.734099999999998
480; 4.8; -0.9961646088358407; 0.0874989834394464; -11.384870654242922; -0.08783586835282307; 28.84
481; 4.8100000000000005; -0.9952398257691626; 0.09745608858848662; -10.212187254627203; -0.09792221539483562; 28.94610000000001
482; 4.82; -0.9942155195492713; 0.10740344820988024; -9.256830540546943; -0.1080283360076412; 29.052400000000002
483; 4.83; -0.9930917926059354; 0.11734006757595546; -8.463364757848778; -0.11815631591118855; 29.158900000000003
484; 4.84; -0.9918687573109126; 0.12726495303305616; -7.793730588603462; -0.1283082586229334; 29.2656
485; 4.8500000000000005; -0.9905465359667132; 0.13717711210090816; -7.220931544600983; -0.13848628723640094; 29.372500000000006
486; 4.86; -0.9891252607943698; 0.1470755535718631; -6.725286675946929; -0.14869254623397873; 29.4796
487; 4.87; -0.9876050739202153; 0.15695928761002342; -6.29210981368615; -0.15892920333730842; 29.586900000000004
488; 4.88; -0.9859861273616704; 0.1668273258502217; -5.910219577857964; -0.16919845139872608; 29.694399999999998
489; 4.89; -0.9842685830120416; 0.17667868149685725; -5.570952729967875; -0.1795025103373596; 29.802099999999996
490; 4.9; -0.9824526126243325; 0.18651236942257576; -5.267493065826737; -0.1898436291236103; 29.910000000000004
491; 4.91; -0.9805383977940689; 0.19632740626677758; -4.994404074496221; -0.20022408781589596; 30.0181
492; 4.92; -0.9785261299411385; 0.20612281053395834; -4.747296659725723; -0.2106461996537152; 30.126399999999997
493; 4.93; -0.9764160102906497; 0.21589760269185415; -4.522588477669512; -0.22111231321123864; 30.234899999999996
494; 4.94; -0.9742082498528091; 0.2256508052693957; -4.317326715008793; -0.23162481461585732; 30.343600000000006
495; 4.95; -0.9719030694018208; 0.23538144295445118; -4.129055617990644; -0.2421861298363034; 30.4525
496; 4.96; -0.9695006994538088; 0.24508854269136174; -3.9557161212333543; -0.2527987270452081; 30.561600000000002
497; 4.97; -0.967001380243766; 0.25477113377824295; -3.795568853908937; -0.2634651190611735; 30.670899999999996
498; 4.98; -0.9644053617015305; 0.2644282479640558; -3.647134408395823; -0.27418786587573174; 30.780400000000004
499; 4.99; -0.9617129034267934; 0.27405891954542744; -3.5091465186462645; -0.28496957727082123; 30.890100000000004
500; 5.0; -0.9589242746631385; 0.28366218546322625; -3.380515006246586; -0.2958129155327455; 31.0
501; 5.01; -0.9560397542711181; 0.2932370853988631; -3.2602961967471003; -0.30672059826887244; 31.110099999999996
502; 5.0200000000000005; -0.9530596307003675; 0.3027826618703244; -3.147669106325987; -0.31769540133372437; 31.220400000000005
503; 5.03; -0.9499842019607608; 0.3122979603279158; -3.0419161270322372; -0.3287401618714658; 31.330900000000003
504; 5.04; -0.9468137755926089; 0.3217820292497218; -2.942407249404924; -0.33985778148223406; 31.4416
505; 5.05; -0.9435486686359066; 0.3312339202367537; -2.8485870890321046; -0.3510512295201692; 31.5525
506; 5.0600000000000005; -0.9401892075986283; 0.3406526881077901; -2.759964152407133; -0.3623235465315153; 31.663600000000002
507; 5.07; -0.9367357284240789; 0.35003739099389114; -2.6761019037546956; -0.3736778478416511; 31.774900000000002
508; 5.08; -0.9331885764572976; 0.3593870904325897; -2.596611289888099; -0.3851173273004967; 31.886400000000002
509; 5.09; -0.9295481064105251; 0.3687008514617332; -2.52114445281394; -0.3966452611963047; 31.998099999999997
510; 5.1000000000000005; -0.9258146823277321; 0.37797774271298107; -2.4493894155845926; -0.408265012348529; 32.11000000000001
511; 5.11; -0.9219886775482163; 0.3872168365049372; -2.381065570056793; -0.4199800343911353; 32.2221
512; 5.12; -0.918070474669267; 0.39641720893592247; -2.3159198288429135; -0.4317938762584985; 32.3344
513; 5.13; -0.914060465507907; 0.4055779399763607; -2.2537233301228943; -0.443710186886813; 32.4469
514; 5.14; -0.9099590510617106; 0.4146981135607818; -2.1942686048132676; -0.4557327201448521; 32.559599999999996
515; 5.15; -0.9057666414687044; 0.4237768176794282; -2.1373671321348304; -0.46786534000884855; 32.67250000000001
516; 5.16; -0.9014836559663548; 0.43281314446945207; -2.0828472228388653; -0.48011202599729164; 32.7856
517; 5.17; -0.8971105228496424; 0.44180619030570545; -2.030552179970343; -0.49247687888257335; 32.8989
518; 5.18; -0.8926476794282346; 0.45075505589109877; -1.9803386956216324; -0.5049641266975788; 33.0124
519; 5.19; -0.8880955719827542; 0.4596588463465318; -1.9320754490891028; -0.5175781310566626; 33.1261
520; 5.2; -0.8834546557201531; 0.4685166713003771; -1.8856418775197639; -0.5303233938118341; 33.24
521; 5.21; -0.8787253947281899; 0.47732764497752167; -1.8409270947832297; -0.5432045640665366; 33.354099999999995
522; 5.22; -0.8739082619290224; 0.48609088628794017; -1.7978289381285688; -0.5562264455710338; 33.468399999999995
523; 5.23; -0.8690037390319161; 0.49480551891480506; -1.756253125344667; -0.5693940045252581; 33.58290000000001
524; 5.24; -0.8640123164850744; 0.5034706714021142; -1.7161125077631407; -0.5827123778169099; 33.6976
525; 5.25; -0.858934493426592; 0.5120854772418407; -1.6773264066243891; -0.5961868817247651; 33.8125
526; 5.26; -0.8537707776345433; 0.5206490749605794; -1.6398200221505934; -0.6098230211194267; 33.9276
527; 5.2700000000000005; -0.8485216854762041; 0.5291606082056957; -1.6035239061981843; -0.6236264991963313; 34.0429
528; 5.28; -0.8431877418564167; 0.5376192258309563; -1.5683734906488265; -0.6376032277785479; 34.1584
529; 5.29; -0.8377694801650978; 0.5460240819816483; -1.5343086647838637; -0.651759338229944; 34.274100000000004
530; 5.3; -0.8322674422239013; 0.5543743361791608; -1.50127339580693; -0.6661011930225427; 34.39
531; 5.3100000000000005; -0.8266821782320357; 0.5626691534050331; -1.4692153874604796; -0.6806353980055214; 34.5061
532; 5.32; -0.821014246711247; 0.5709077041844536; -1.4380857723475158; -0.6953688154271985; 34.6224
533; 5.33; -0.8152642144499634; 0.5790891646692105; -1.4078388341381967; -0.7103085777656831; 34.7389
534; 5.34; -0.8094326564466194; 0.5872127167200731; -1.3784317563280557; -0.7254621024285283; 34.855599999999995
535; 5.3500000000000005; -0.8035201558521553; 0.5952775479886068; -1.3498243946326933; -0.7408371073869312; 34.972500000000004
536; 5.36; -0.7975273039117043; 0.6032828519984039; -1.3219790704639724; -0.7564416278156597; 35.089600000000004
537; 5.37; -0.791454699905466; 0.6112278282257352; -1.2948603832434973; -0.7722840338161392; 35.2069
538; 5.38; -0.7853029510887806; 0.6191116821795987; -1.2684350395781603; -0.7883730493069374; 35.3244
539; 5.39; -0.7790726726314031; 0.6269336254811689; -1.2426716975556515; -0.8047177721734635; 35.442099999999996
540; 5.4; -0.7727644875559871; 0.6346928759426347; -1.2175408246205552; -0.8213276957769761; 35.56
541; 5.41; -0.7663790266757843; 0.6423886576454144; -1.1930145676681765; -0.8382127319321542; 35.6781
542; 5.42; -0.759916928531561; 0.6500202010177517; -1.1690666341472795; -0.8553832354726323; 35.7964
543; 5.43; -0.7533788393277465; 0.657586742911669; -1.1456721830977437; -0.87285003053503; 35.914899999999996
544; 5.44; -0.7467654128678123; 0.6650875266792828; -1.1228077251671509; -0.8906244387044374; 36.03360000000001
545; 5.45; -0.7400773104888944; 0.6725218022484659; -1.100451030754048; -0.9087183091779947; 36.1525
546; 5.46; -0.7333152009956565; 0.6798888261978571; -1.0785810455167735; -0.927144051118455; 36.2716
547; 5.47; -0.726479760593413; 0.6871878618312006; -1.057177812567161; -0.9459146683864702; 36.390899999999995
548; 5.48; -0.7195716728205075; 0.6944181792510162; -1.0362224007393084; -0.965043796859183; 36.510400000000004
549; 5.49; -0.7125916284799615; 0.701579055431586; -1.0156968383863754; -0.9845457445635917; 36.630100000000006
550; 5.5; -0.7055403255703919; 0.70866977429126; -0.995584052213885; -1.0044355348765333; 36.75
551; 5.51; -0.6984184692162135; 0.715689626764061; -0.9758678107073625; -1.02472895306911; 36.8701
552; 5.5200000000000005; -0.6912267715971264; 0.7226379108705923; -0.9565326717558681; -1.0454425965025749; 36.99040000000001
553; 5.53; -0.6839659518769006; 0.729513931788232; -0.9375639341120173; -1.06659392881523; 37.1109
554; 5.54; -0.6766367361314568; 0.7363170019206192; -0.9189475923637624; -1.0882013384764964; 37.2316
555; 5.55; -0.669239857276262; 0.7430464409664099; -0.9006702951242797; -1.1102842021252786; 37.3525
556; 5.5600000000000005; -0.6617760549930369; 0.7497015759873078; -0.882719306173955; -1.1328629531559524; 37.473600000000005
557; 5.57; -0.6542460756557914; 0.7562817414753555; -0.8650824683133129; -1.1559591560672144; 37.5949
558; 5.58; -0.6466506722561834; 0.7627862794194885; -0.8477481697079174; -1.1795955871477013; 37.7164
559; 5.59; -0.6389906043282237; 0.7692145393713326; -0.8307053125262831; -1.2037963221384365; 37.8381
560; 5.6000000000000005; -0.6312666378723208; 0.7755658785102502; -0.8139432836897013; -1.2285868315871857; 37.96000000000001
561; 5.61; -0.6234795452786853; 0.7818396617076189; -0.7974519275690637; -1.2539940846947097; 38.082100000000004
562; 5.62; -0.6156301052500863; 0.7880352615903476; -0.7812215204782494; -1.2800466625494629; 38.2044
563; 5.63; -0.6077191027239858; 0.7941520586036113; -0.7652427468268006; -1.3067748817570075; 38.3269
564; 5.64; -0.5997473287940438; 0.8001894410728057; -0.7495066768063932; -1.3342109295956444; 38.4496
565; 5.65; -0.5917155806310094; 0.8061468052647157; -0.7340047454963328; -1.36238901197267; 38.572500000000005
566; 5.66; -0.5836246614030073; 0.8120235554478855; -0.7187287332829885; -1.391345515619264; 38.6956
567; 5.67; -0.5754753801952172; 0.8178191039521945; -0.7036707474968162; -1.4211191861496624; 38.8189
568; 5.68; -0.5672685519289686; 0.823532871227622; -0.6888232051786277; -1.451751323825795; 38.9424
569; 5.69; -0.5590049972802488; 0.8291642859022023; -0.6741788168939321; -1.483285999116951; 39.0661
570; 5.7; -0.5506855425976376; 0.8347127848391598; -0.6597305715207762; -1.5157702904306112; 39.190000000000005
571; 5.71; -0.5423110198196698; 0.840177813193225; -0.6454717219424461; -1.5492545467222896; 39.3141
572; 5.72; -0.5338822663916443; 0.8455588244661169; -0.6313957715818717; -1.5837926780767684; 39.438399999999994
573; 5.73; -0.5254001251818792; 0.8508552805611925; -0.6174964617194887; -1.6194424778004184; 39.5629
574; 5.74; -0.5168654443974288; 0.8560666518372553; -0.6037677595408644; -1.6562659800855395; 39.6876
575; 5.75; -0.5082790774992583; 0.8611924171615208; -0.5902038468644901; -1.6943298579170367; 39.8125
576; 5.76; -0.49964188311690244; 0.8662320639617282; -0.5767991095039603; -1.73370586660577; 39.937599999999996
577; 5.7700000000000005; -0.49095472496260095; 0.8711850882773975; -0.5635481272221617; -1.774471339172387; 40.062900000000006
578; 5.78; -0.48221847174493154; 0.8760509948102237; -0.5504456642382937; -1.816709740794851; 40.1884
579; 5.79; -0.47343399708193507; 0.880829296973609; -0.5374866602514016; -1.8605112907030372; 40.314099999999996
580; 5.8; -0.46460217941375737; 0.8855195169413189; -0.5246662219468002; -1.9059736612916494; 40.44
581; 5.8100000000000005; -0.4557239019148047; 0.8901211856952655; -0.5119796149541626; -1.9532027658748286; 40.566100000000006
582; 5.82; -0.44680005240543; 0.8946338430724075; -0.499422256228315; -2.002313648478737; 40.692400000000006
583; 5.83; -0.4378315232631469; 0.8990570378107678; -0.4869897068258099; -2.053431491433324; 40.8189
584; 5.84; -0.4288192113333959; 0.9033903275945588; -0.474677665052276; -2.1066927593693934; 40.9456
585; 5.8500000000000005; -0.4197640178398589; 0.9076332790984135; -0.4624819599572488; -2.1622465016634136; 41.072500000000005
586; 5.86; -0.41066684829434086; 0.9117854680307166; -0.4503985451548194; -2.2202558395393157; 41.199600000000004
587; 5.87; -0.4015286124062146; 0.9158464791760352; -0.43842349294988847; -2.280899669111252; 41.3269
588; 5.88; -0.39235022399145386; 0.9198159064366391; -0.4265529887512123; -2.344374617858443; 41.4544
589; 5.89; -0.38313260088125134; 0.92369335287311; -0.41478332575365323; -2.410897299651618; 41.5821
590; 5.9; -0.373876664830236; 0.9274784307440359; -0.40311089987322624; -2.4807069228703282; 41.71
591; 5.91; -0.3645833414243013; 0.9311707615447831; -0.39153220491961005; -2.554068317842006; 41.8381
592; 5.92; -0.35525355998804264; 0.934769976045349; -0.3800438279917626; -2.6312754644226843; 41.9664
593; 5.93; -0.34588825349182883; 0.9382757143272825; -0.3686424450832355; -2.7126556188455475; 42.094899999999996
594; 5.94; -0.3364883584585042; 0.9416876258196776; -0.35732481688459383; -2.798574162071068; 42.223600000000005
595; 5.95; -0.32705481486974064; 0.9450053693342275; -0.3460877847711663; -2.8894403212213957; 42.352500000000006
596; 5.96; -0.31758856607203484; 0.9482286130993458; -0.33492826696504796; -2.9857139532040655; 42.4816
597; 5.97; -0.3080905586823781; 0.951357034793342; -0.32384325486099225; -3.087913627934736; 42.610899999999994
598; 5.98; -0.2985617424935936; 0.954390321576654; -0.31282980950641787; -3.196626311213109; 42.74040000000001
599; 5.99; -0.2890030703793611; 0.9573281701231308; -0.30188505822636535; -3.312519029180174; 42.87010000000001
600; 6.0; -0.27941549819892586; 0.960170286650366; -0.29100619138474915; -3.436353004180128; 43.0
601; 6.01; -0.26979998470151617; 0.9629163869490754; -0.2801904592737861; -3.5690008952905035; 43.1301
602; 6.0200000000000005; -0.26015749143046807; 0.9655661964115179; -0.26943516912391025; -3.711467969276539; 43.26040000000001
603; 6.03; -0.2504889826270749; 0.9681194500589547; -0.2587376822269412; -3.864918288642977; 43.3909
604; 6.04; -0.2407954251341592; 0.9705758925681492; -0.24809541116564635; -4.0307073609367485; 43.5216
605; 6.05; -0.23107778829939224; 0.9729352782968974; -0.23750581714324204; -4.210423188906107; 43.652499999999996
606; 6.0600000000000005; -0.22133704387835867; 0.9751973713085929; -0.2269664074066894; -4.405938356367211; 43.78360000000001
607; 6.07; -0.21157416593738504; 0.977361945395819; -0.21647473275798582; -4.619476773383889; 43.9149
608; 6.08; -0.2017901307561289; 0.9794287841029711; -0.20602838514792304; -4.853700131086432; 44.0464
609; 6.09; -0.19198591672995502; 0.9813976807479009; -0.19562499534709205; -5.111821207845795; 44.1781
610; 6.1000000000000005; -0.18216250427209502; 0.9832684384425847; -0.18526223068913433; -5.397754287423951; 44.31000000000001
611; 6.11; -0.17232087571561025; 0.9850408701128117; -0.17493779288150269; -5.716317689439287; 44.4421
612; 6.12; -0.1624620152151542; 0.9867147985168921; -0.16464941587918516; -6.073510766256044; 44.5744
613; 6.13; -0.15258690864856114; 0.9882900562633804; -0.15439486381708223; -6.476899394689321; 44.706900000000005
614; 6.140000000000001; -0.14269654351825772; 0.9897664858278148; -0.14417192899687856; -6.936163003143634; 44.839600000000004
615; 6.15; -0.13279190885251674; 0.991143939568469; -0.1339784299244493; -7.463888034543336; 44.972500000000004
616; 6.16; -0.12287399510655005; 0.9924222797411169; -0.12381220939397183; -8.076747882092862; 45.105599999999995
617; 6.17; -0.11294379406346737; 0.9936013785128064; -0.11367113261509193; -8.797308313854451; 45.2389
618; 6.18; -0.10300229873509785; 0.994681117974643; -0.10355308537959362; -9.656882712227347; 45.3724
619; 6.19; -0.0930505032626889; 0.9956613901535805; -0.0934559722641609; -10.70022574023861; 45.5061
620; 6.2; -0.0830894028174964; 0.9965420970232175; -0.08337771486592861; -11.993612461171432; 45.64000000000001
621; 6.21; -0.07311999350126308; 0.9973231505136012; -0.07331625006760123; -13.639541016868025; 45.7741
622; 6.22; -0.06314327224661277; 0.9980044725200334; -0.06326952832903789; -15.805396790686121; 45.90839999999999
623; 6.23; -0.053160236717356125; 0.9985859949108813; -0.053235512002249144; -18.7844535046033; 46.0429
624; 6.24; -0.04317188520872868; 0.9990676595343903; -0.04321217366684524; -23.14162688759291; 46.177600000000005
625; 6.25; -0.03317921654755682; 0.9994494182244994; -0.033197494483011444; -30.122755213100255; 46.3125
626; 6.26; -0.02318322999237945; 0.9997312328056578; -0.02318946255916978; -43.123034759793136; 46.447599999999994
627; 6.2700000000000005; -0.013184925133521251; 0.9999130750966423; -0.01318607133149741; -75.83759975659407; 46.58290000000001
628; 6.28; -0.0031853017931379904; 0.9999949269133752; -0.003185317952531891; -313.94040246598837; 46.7184
629; 6.29; 0.006814640074770176; 0.9999767800707431; 0.006814798313904925; 146.7394857393796; 46.8541
630; 6.3; 0.016813900484349713; 0.9998586363834151; 0.016816277694182057; 59.46619211372627; 46.989999999999995
631; 6.3100000000000005; 0.026811479517893238; 0.9996405076656616; 0.026821121505472816; 37.28404868513613; 47.12610000000001
632; 6.32; 0.03680637742582692; 0.9993224157301724; 0.03683133375821825; 27.150795205098103; 47.26240000000001
633; 6.33; 0.04679759472668989; 0.9989043923858761; 0.046848922763182727; 21.345207979592487; 47.3989
634; 6.34; 0.05678413230707805; 0.9983864794347589; 0.056875902745825095; 17.58213851073166; 47.5356
635; 6.3500000000000005; 0.06676499152155635; 0.9977687286676841; 0.06691429547076239; 14.944489708285746; 47.67250000000001
636; 6.36; 0.07673917429251892; 0.9970512018592137; 0.07696613187910754; 12.99272778279572; 47.8096
637; 6.37; 0.08670568321000133; 0.9962339707614306; 0.08703345374152559; 11.48983473607549; 47.9469
638; 6.38; 0.09666352163141724; 0.9953171170967635; 0.09711831532986659; 10.296718972147081; 48.0844
639; 6.390000000000001; 0.10661169378122355; 0.994300732549815; 0.10722278511032099; 9.326375909477683; 48.222100000000005
